Park Name,Campsite Name,Capacity,Price
Acadia,Acadia Forest Rock 1,662,638.39
Acadia,Acadia Bear Pine 2,937,47.82
Acadia,Acadia Bear Pine 3,668,281.43
Acadia,Acadia Lake Bear 4,569,351.51
Acadia,Acadia Stone Forest 5,954,32.95
Acadia,Acadia Pine Creek 6,71,521.29
Acadia,Acadia Sun Rock 7,643,382.83
Acadia,Acadia Sun Pine 8,35,970.8
Acadia,Acadia Sun Rock 9,130,664.46
Acadia,Acadia Cave Forest 10,956,262.26
Acadia,Acadia Sun Rock 11,327,204.28
Acadia,Acadia Forest Rock 12,763,596.38
Acadia,Acadia Creek Rock 13,1182,560.67
Acadia,Acadia Stone Bear 14,1119,143.87
Acadia,Acadia Creek Lake 15,325,755.06
Acadia,Acadia Leaf Forest 16,365,369.3
Acadia,Acadia Bear Creek 17,465,480.98
Acadia,Acadia Stone Bear 18,256,376.33
Acadia,Acadia Leaf Forest 19,713,624.55
Acadia,Acadia Cave Sun 20,211,321.7
American Samoa,American Samoa Stone Forest 1,362,787.3
American Samoa,American Samoa Pine Lake 2,1118,531.23
American Samoa,American Samoa Forest Leaf 3,653,703.06
American Samoa,American Samoa Sun Cave 4,1157,440.93
American Samoa,American Samoa Rock Creek 5,1077,997.0
American Samoa,American Samoa Cave Pine 6,679,707.79
American Samoa,American Samoa Pine Bear 7,301,924.51
American Samoa,American Samoa Cave Leaf 8,424,128.92
American Samoa,American Samoa Cave Cave 9,618,888.37
American Samoa,American Samoa Forest Cave 10,378,889.11
American Samoa,American Samoa Cave Rock 11,821,613.11
American Samoa,American Samoa Sun Sun 12,724,178.41
American Samoa,American Samoa Cave Stone 13,26,543.1
American Samoa,American Samoa Bear Pine 14,276,481.88
American Samoa,American Samoa Stone Sun 15,1029,21.84
American Samoa,American Samoa Stone Bear 16,413,969.41
American Samoa,American Samoa Cave Cave 17,557,177.1
American Samoa,American Samoa Forest Lake 18,57,175.26
American Samoa,American Samoa Sun Stone 19,824,563.32
American Samoa,American Samoa Pine Rock 20,202,730.12
Arches,Arches Pine Rock 1,278,551.97
Arches,Arches Rock Pine 2,160,375.71
Arches,Arches Forest Forest 3,1111,702.87
Arches,Arches Stone Leaf 4,1095,368.14
Arches,Arches Sun Forest 5,270,694.14
Arches,Arches Bear Lake 6,431,945.78
Arches,Arches Sun Leaf 7,804,735.37
Arches,Arches Pine Lake 8,584,553.61
Arches,Arches Sun Pine 9,401,980.52
Arches,Arches Forest Lake 10,914,246.34
Arches,Arches Bear Rock 11,744,733.14
Arches,Arches Bear Leaf 12,794,510.56
Arches,Arches Creek Lake 13,82,293.21
Arches,Arches Rock Stone 14,243,892.87
Arches,Arches Bear Forest 15,765,538.68
Arches,Arches Cave Lake 16,1051,244.31
Arches,Arches Bear Pine 17,330,69.92
Arches,Arches Lake Sun 18,514,364.05
Arches,Arches Stone Cave 19,972,780.91
Arches,Arches Forest Lake 20,768,184.99
Badlands,Badlands Bear Pine 1,137,448.87
Badlands,Badlands Cave Leaf 2,380,312.35
Badlands,Badlands Leaf Rock 3,1136,163.72
Badlands,Badlands Rock Creek 4,179,502.91
Badlands,Badlands Lake Sun 5,1106,66.25
Badlands,Badlands Creek Stone 6,522,185.74
Badlands,Badlands Creek Bear 7,559,761.92
Badlands,Badlands Rock Rock 8,764,275.93
Badlands,Badlands Forest Sun 9,640,215.27
Badlands,Badlands Cave Lake 10,223,548.45
Badlands,Badlands Cave Leaf 11,993,401.47
Badlands,Badlands Lake Stone 12,20,763.08
Badlands,Badlands Bear Cave 13,544,979.61
Badlands,Badlands Leaf Rock 14,657,882.68
Badlands,Badlands Cave Stone 15,282,390.41
Badlands,Badlands Sun Leaf 16,543,975.13
Badlands,Badlands Creek Sun 17,373,816.6
Badlands,Badlands Lake Forest 18,439,471.95
Badlands,Badlands Rock Stone 19,917,579.48
Badlands,Badlands Sun Lake 20,197,479.64
Big Bend,Big Bend Pine Leaf 1,638,332.73
Big Bend,Big Bend Cave Leaf 2,1055,728.85
Big Bend,Big Bend Stone Bear 3,346,571.49
Big Bend,Big Bend Creek Rock 4,69,868.89
Big Bend,Big Bend Cave Leaf 5,163,686.83
Big Bend,Big Bend Lake Pine 6,427,533.18
Big Bend,Big Bend Rock Cave 7,335,860.1
Big Bend,Big Bend Pine Sun 8,1143,623.32
Big Bend,Big Bend Lake Forest 9,331,783.73
Big Bend,Big Bend Lake Rock 10,1121,269.2
Big Bend,Big Bend Cave Creek 11,596,960.94
Big Bend,Big Bend Bear Pine 12,224,483.69
Big Bend,Big Bend Sun Sun 13,762,890.29
Big Bend,Big Bend Stone Cave 14,1142,345.13
Big Bend,Big Bend Rock Sun 15,796,395.55
Big Bend,Big Bend Sun Pine 16,473,640.29
Big Bend,Big Bend Forest Leaf 17,978,962.02
Big Bend,Big Bend Forest Leaf 18,1146,891.89
Big Bend,Big Bend Creek Bear 19,753,748.95
Big Bend,Big Bend Sun Forest 20,146,261.31
Biscayne,Biscayne Leaf Stone 1,1027,398.9
Biscayne,Biscayne Stone Pine 2,370,657.23
Biscayne,Biscayne Bear Pine 3,358,523.94
Biscayne,Biscayne Cave Leaf 4,357,550.17
Biscayne,Biscayne Rock Leaf 5,825,986.51
Biscayne,Biscayne Pine Cave 6,493,702.41
Biscayne,Biscayne Leaf Sun 7,700,953.78
Biscayne,Biscayne Bear Lake 8,86,320.79
Biscayne,Biscayne Stone Stone 9,1112,201.29
Biscayne,Biscayne Cave Creek 10,1065,935.26
Biscayne,Biscayne Leaf Bear 11,935,283.98
Biscayne,Biscayne Sun Leaf 12,988,117.1
Biscayne,Biscayne Bear Pine 13,64,972.34
Biscayne,Biscayne Leaf Lake 14,135,319.25
Biscayne,Biscayne Bear Pine 15,709,430.17
Biscayne,Biscayne Lake Leaf 16,759,546.5
Biscayne,Biscayne Lake Bear 17,595,48.92
Biscayne,Biscayne Stone Leaf 18,95,743.22
Biscayne,Biscayne Sun Lake 19,44,94.99
Biscayne,Biscayne Bear Stone 20,435,680.99
Black Canyon of the Gunnison,Black Canyon of the Gunnison Rock Bear 1,1047,117.98
Black Canyon of the Gunnison,Black Canyon of the Gunnison Pine Forest 2,541,188.71
Black Canyon of the Gunnison,Black Canyon of the Gunnison Rock Bear 3,132,283.97
Black Canyon of the Gunnison,Black Canyon of the Gunnison Rock Forest 4,1152,833.51
Black Canyon of the Gunnison,Black Canyon of the Gunnison Creek Cave 5,485,709.58
Black Canyon of the Gunnison,Black Canyon of the Gunnison Lake Rock 6,1067,729.96
Black Canyon of the Gunnison,Black Canyon of the Gunnison Forest Pine 7,938,555.66
Black Canyon of the Gunnison,Black Canyon of the Gunnison Pine Leaf 8,731,833.67
Black Canyon of the Gunnison,Black Canyon of the Gunnison Creek Forest 9,910,904.88
Black Canyon of the Gunnison,Black Canyon of the Gunnison Sun Lake 10,774,283.41
Black Canyon of the Gunnison,Black Canyon of the Gunnison Rock Pine 11,483,846.8
Black Canyon of the Gunnison,Black Canyon of the Gunnison Sun Bear 12,952,533.52
Black Canyon of the Gunnison,Black Canyon of the Gunnison Leaf Rock 13,871,315.41
Black Canyon of the Gunnison,Black Canyon of the Gunnison Forest Rock 14,1098,83.44
Black Canyon of the Gunnison,Black Canyon of the Gunnison Lake Pine 15,208,788.4
Black Canyon of the Gunnison,Black Canyon of the Gunnison Pine Leaf 16,1127,542.76
Black Canyon of the Gunnison,Black Canyon of the Gunnison Lake Creek 17,109,478.34
Black Canyon of the Gunnison,Black Canyon of the Gunnison Forest Creek 18,194,891.38
Black Canyon of the Gunnison,Black Canyon of the Gunnison Creek Lake 19,189,540.09
Black Canyon of the Gunnison,Black Canyon of the Gunnison Forest Lake 20,499,940.87
Bryce Canyon,Bryce Canyon Rock Cave 1,237,791.02
Bryce Canyon,Bryce Canyon Pine Bear 2,136,294.66
Bryce Canyon,Bryce Canyon Sun Stone 3,156,57.34
Bryce Canyon,Bryce Canyon Pine Lake 4,565,776.36
Bryce Canyon,Bryce Canyon Rock Rock 5,367,314.5
Bryce Canyon,Bryce Canyon Cave Rock 6,198,382.56
Bryce Canyon,Bryce Canyon Bear Leaf 7,338,795.19
Bryce Canyon,Bryce Canyon Stone Sun 8,660,169.41
Bryce Canyon,Bryce Canyon Sun Lake 9,1147,683.21
Bryce Canyon,Bryce Canyon Lake Sun 10,382,209.9
Bryce Canyon,Bryce Canyon Leaf Forest 11,1011,948.83
Bryce Canyon,Bryce Canyon Pine Creek 12,1050,364.3
Bryce Canyon,Bryce Canyon Leaf Bear 13,1032,7.71
Bryce Canyon,Bryce Canyon Forest Stone 14,624,501.32
Bryce Canyon,Bryce Canyon Forest Leaf 15,506,835.88
Bryce Canyon,Bryce Canyon Pine Leaf 16,545,948.25
Bryce Canyon,Bryce Canyon Sun Pine 17,760,354.63
Bryce Canyon,Bryce Canyon Pine Forest 18,446,685.12
Bryce Canyon,Bryce Canyon Pine Leaf 19,118,879.94
Bryce Canyon,Bryce Canyon Sun Sun 20,849,46.85
Canyonlands,Canyonlands Forest Rock 1,267,984.48
Canyonlands,Canyonlands Pine Lake 2,376,241.1
Canyonlands,Canyonlands Lake Cave 3,1181,660.96
Canyonlands,Canyonlands Forest Bear 4,911,319.87
Canyonlands,Canyonlands Forest Leaf 5,609,802.13
Canyonlands,Canyonlands Stone Rock 6,319,83.39
Canyonlands,Canyonlands Forest Creek 7,117,547.05
Canyonlands,Canyonlands Bear Bear 8,462,943.38
Canyonlands,Canyonlands Pine Lake 9,391,827.08
Canyonlands,Canyonlands Bear Lake 10,907,603.33
Canyonlands,Canyonlands Lake Bear 11,53,236.83
Canyonlands,Canyonlands Forest Lake 12,1105,423.26
Canyonlands,Canyonlands Forest Creek 13,1135,988.35
Canyonlands,Canyonlands Leaf Leaf 14,153,324.21
Canyonlands,Canyonlands Leaf Rock 15,987,901.35
Canyonlands,Canyonlands Bear Leaf 16,944,702.66
Canyonlands,Canyonlands Sun Forest 17,37,372.72
Canyonlands,Canyonlands Stone Stone 18,1134,535.77
Canyonlands,Canyonlands Forest Stone 19,819,101.74
Canyonlands,Canyonlands Creek Bear 20,1089,809.42
Capitol Reef,Capitol Reef Pine Stone 1,402,641.67
Capitol Reef,Capitol Reef Rock Creek 2,91,325.53
Capitol Reef,Capitol Reef Creek Lake 3,862,787.55
Capitol Reef,Capitol Reef Lake Cave 4,805,48.81
Capitol Reef,Capitol Reef Pine Creek 5,73,699.72
Capitol Reef,Capitol Reef Bear Cave 6,562,420.72
Capitol Reef,Capitol Reef Stone Lake 7,746,375.57
Capitol Reef,Capitol Reef Forest Creek 8,1102,979.9
Capitol Reef,Capitol Reef Cave Lake 9,292,837.08
Capitol Reef,Capitol Reef Forest Stone 10,31,580.71
Capitol Reef,Capitol Reef Forest Pine 11,921,234.68
Capitol Reef,Capitol Reef Leaf Bear 12,441,41.3
Capitol Reef,Capitol Reef Cave Rock 13,348,947.42
Capitol Reef,Capitol Reef Sun Lake 14,312,387.55
Capitol Reef,Capitol Reef Rock Pine 15,1187,932.47
Capitol Reef,Capitol Reef Leaf Cave 16,922,622.52
Capitol Reef,Capitol Reef Leaf Cave 17,789,676.65
Capitol Reef,Capitol Reef Sun Leaf 18,604,431.52
Capitol Reef,Capitol Reef Creek Creek 19,641,113.67
Capitol Reef,Capitol Reef Cave Creek 20,274,833.12
Carlsbad Caverns,Carlsbad Caverns Forest Rock 1,40,66.47
Carlsbad Caverns,Carlsbad Caverns Pine Stone 2,795,659.61
Carlsbad Caverns,Carlsbad Caverns Sun Pine 3,1186,64.78
Carlsbad Caverns,Carlsbad Caverns Leaf Bear 4,611,277.25
Carlsbad Caverns,Carlsbad Caverns Rock Stone 5,616,43.03
Carlsbad Caverns,Carlsbad Caverns Rock Leaf 6,1004,711.94
Carlsbad Caverns,Carlsbad Caverns Stone Forest 7,721,22.64
Carlsbad Caverns,Carlsbad Caverns Lake Stone 8,434,237.64
Carlsbad Caverns,Carlsbad Caverns Pine Lake 9,782,821.19
Carlsbad Caverns,Carlsbad Caverns Rock Creek 10,904,844.81
Carlsbad Caverns,Carlsbad Caverns Cave Bear 11,112,626.44
Carlsbad Caverns,Carlsbad Caverns Lake Sun 12,793,988.56
Carlsbad Caverns,Carlsbad Caverns Forest Cave 13,982,525.34
Carlsbad Caverns,Carlsbad Caverns Bear Sun 14,585,41.85
Carlsbad Caverns,Carlsbad Caverns Bear Cave 15,489,293.68
Carlsbad Caverns,Carlsbad Caverns Pine Creek 16,460,978.89
Carlsbad Caverns,Carlsbad Caverns Creek Lake 17,966,179.99
Carlsbad Caverns,Carlsbad Caverns Cave Rock 18,586,460.09
Carlsbad Caverns,Carlsbad Caverns Creek Leaf 19,257,133.1
Carlsbad Caverns,Carlsbad Caverns Bear Stone 20,961,944.58
Channel Islands,Channel Islands Forest Bear 1,272,999.92
Channel Islands,Channel Islands Lake Lake 2,626,613.5
Channel Islands,Channel Islands Cave Stone 3,563,366.84
Channel Islands,Channel Islands Stone Lake 4,1020,332.91
Channel Islands,Channel Islands Sun Pine 5,508,311.8
Channel Islands,Channel Islands Stone Stone 6,674,81.92
Channel Islands,Channel Islands Forest Forest 7,38,386.89
Channel Islands,Channel Islands Bear Cave 8,703,347.9
Channel Islands,Channel Islands Pine Rock 9,1140,1.04
Channel Islands,Channel Islands Rock Leaf 10,909,365.62
Channel Islands,Channel Islands Sun Sun 11,788,396.1
Channel Islands,Channel Islands Cave Pine 12,151,349.9
Channel Islands,Channel Islands Lake Bear 13,182,53.77
Channel Islands,Channel Islands Cave Pine 14,888,896.23
Channel Islands,Channel Islands Creek Lake 15,507,341.15
Channel Islands,Channel Islands Lake Sun 16,589,345.3
Channel Islands,Channel Islands Cave Leaf 17,294,121.71
Channel Islands,Channel Islands Leaf Forest 18,727,361.91
Channel Islands,Channel Islands Pine Pine 19,1061,301.88
Channel Islands,Channel Islands Pine Sun 20,642,188.57
Congaree,Congaree Cave Creek 1,1090,857.78
Congaree,Congaree Lake Rock 2,771,380.18
Congaree,Congaree Forest Stone 3,646,280.56
Congaree,Congaree Pine Rock 4,22,76.74
Congaree,Congaree Rock Creek 5,528,42.06
Congaree,Congaree Forest Pine 6,119,750.52
Congaree,Congaree Stone Bear 7,903,4.95
Congaree,Congaree Rock Leaf 8,564,14.66
Congaree,Congaree Leaf Pine 9,360,385.48
Congaree,Congaree Leaf Pine 10,161,661.64
Congaree,Congaree Pine Cave 11,752,271.81
Congaree,Congaree Cave Lake 12,800,701.31
Congaree,Congaree Lake Bear 13,1064,88.67
Congaree,Congaree Creek Forest 14,225,29.88
Congaree,Congaree Rock Creek 15,905,830.81
Congaree,Congaree Forest Pine 16,222,81.04
Congaree,Congaree Sun Creek 17,143,986.23
Congaree,Congaree Stone Sun 18,232,430.81
Congaree,Congaree Lake Cave 19,264,234.17
Congaree,Congaree Lake Stone 20,1189,21.49
Crater Lake,Crater Lake Pine Pine 1,538,974.16
Crater Lake,Crater Lake Cave Lake 2,554,589.88
Crater Lake,Crater Lake Rock Forest 3,1159,640.46
Crater Lake,Crater Lake Forest Cave 4,168,848.75
Crater Lake,Crater Lake Forest Rock 5,929,567.6
Crater Lake,Crater Lake Pine Leaf 6,1153,770.33
Crater Lake,Crater Lake Creek Pine 7,715,577.66
Crater Lake,Crater Lake Stone Lake 8,682,238.88
Crater Lake,Crater Lake Creek Bear 9,1168,86.84
Crater Lake,Crater Lake Creek Stone 10,1101,90.51
Crater Lake,Crater Lake Rock Lake 11,104,711.39
Crater Lake,Crater Lake Leaf Pine 12,471,319.52
Crater Lake,Crater Lake Bear Sun 13,656,56.6
Crater Lake,Crater Lake Lake Bear 14,943,877.14
Crater Lake,Crater Lake Leaf Sun 15,100,482.38
Crater Lake,Crater Lake Stone Stone 16,535,867.45
Crater Lake,Crater Lake Sun Lake 17,573,319.09
Crater Lake,Crater Lake Sun Rock 18,87,276.41
Crater Lake,Crater Lake Leaf Creek 19,229,105.49
Crater Lake,Crater Lake Cave Creek 20,531,775.48
Cuyahoga Valley,Cuyahoga Valley Sun Bear 1,947,789.86
Cuyahoga Valley,Cuyahoga Valley Cave Pine 2,940,223.06
Cuyahoga Valley,Cuyahoga Valley Sun Pine 3,443,903.74
Cuyahoga Valley,Cuyahoga Valley Pine Cave 4,353,522.64
Cuyahoga Valley,Cuyahoga Valley Forest Stone 5,399,40.51
Cuyahoga Valley,Cuyahoga Valley Cave Creek 6,293,970.33
Cuyahoga Valley,Cuyahoga Valley Rock Stone 7,592,791.94
Cuyahoga Valley,Cuyahoga Valley Cave Cave 8,1107,782.37
Cuyahoga Valley,Cuyahoga Valley Stone Forest 9,116,816.96
Cuyahoga Valley,Cuyahoga Valley Cave Pine 10,689,46.8
Cuyahoga Valley,Cuyahoga Valley Pine Cave 11,263,960.0
Cuyahoga Valley,Cuyahoga Valley Forest Leaf 12,238,642.23
Cuyahoga Valley,Cuyahoga Valley Forest Rock 13,990,132.67
Cuyahoga Valley,Cuyahoga Valley Stone Bear 14,1071,497.42
Cuyahoga Valley,Cuyahoga Valley Creek Rock 15,60,602.15
Cuyahoga Valley,Cuyahoga Valley Pine Lake 16,1117,114.35
Cuyahoga Valley,Cuyahoga Valley Bear Forest 17,386,872.96
Cuyahoga Valley,Cuyahoga Valley Rock Sun 18,906,617.28
Cuyahoga Valley,Cuyahoga Valley Stone Creek 19,758,500.45
Cuyahoga Valley,Cuyahoga Valley Creek Stone 20,718,688.81
Death Valley,Death Valley Bear Lake 1,1003,664.64
Death Valley,Death Valley Leaf Rock 2,1091,506.32
Death Valley,Death Valley Leaf Creek 3,111,889.05
Death Valley,Death Valley Forest Stone 4,352,90.56
Death Valley,Death Valley Lake Stone 5,992,42.5
Death Valley,Death Valley Lake Leaf 6,300,445.65
Death Valley,Death Valley Pine Stone 7,1034,996.52
Death Valley,Death Valley Leaf Creek 8,228,223.0
Death Valley,Death Valley Rock Rock 9,885,380.88
Death Valley,Death Valley Creek Cave 10,207,773.96
Death Valley,Death Valley Bear Bear 11,487,364.02
Death Valley,Death Valley Stone Lake 12,469,708.97
Death Valley,Death Valley Stone Pine 13,841,829.46
Death Valley,Death Valley Bear Forest 14,708,892.16
Death Valley,Death Valley Bear Cave 15,215,16.39
Death Valley,Death Valley Bear Sun 16,1054,268.5
Death Valley,Death Valley Rock Forest 17,1138,577.72
Death Valley,Death Valley Forest Leaf 18,351,86.34
Death Valley,Death Valley Sun Sun 19,1125,292.48
Death Valley,Death Valley Bear Creek 20,311,73.79
Denali,Denali Rock Lake 1,1156,159.89
Denali,Denali Stone Creek 2,583,160.02
Denali,Denali Leaf Rock 3,1097,146.07
Denali,Denali Rock Sun 4,884,289.54
Denali,Denali Creek Stone 5,313,478.25
Denali,Denali Leaf Creek 6,252,230.3
Denali,Denali Lake Creek 7,90,260.15
Denali,Denali Bear Stone 8,694,693.54
Denali,Denali Rock Pine 9,407,6.4
Denali,Denali Leaf Lake 10,659,490.31
Denali,Denali Leaf Forest 11,97,637.66
Denali,Denali Sun Leaf 12,184,651.05
Denali,Denali Bear Sun 13,1022,761.12
Denali,Denali Sun Sun 14,371,187.37
Denali,Denali Leaf Forest 15,964,876.02
Denali,Denali Sun Leaf 16,687,253.91
Denali,Denali Cave Bear 17,200,627.82
Denali,Denali Forest Pine 18,648,459.35
Denali,Denali Lake Leaf 19,941,363.1
Denali,Denali Creek Stone 20,41,432.9
Dry Tortugas,Dry Tortugas Leaf Sun 1,1154,164.83
Dry Tortugas,Dry Tortugas Sun Rock 2,295,585.18
Dry Tortugas,Dry Tortugas Bear Leaf 3,322,94.77
Dry Tortugas,Dry Tortugas Stone Cave 4,461,876.78
Dry Tortugas,Dry Tortugas Cave Pine 5,65,252.98
Dry Tortugas,Dry Tortugas Pine Forest 6,632,62.89
Dry Tortugas,Dry Tortugas Cave Pine 7,806,4.65
Dry Tortugas,Dry Tortugas Bear Sun 8,127,137.19
Dry Tortugas,Dry Tortugas Leaf Pine 9,601,57.07
Dry Tortugas,Dry Tortugas Rock Cave 10,1076,114.21
Dry Tortugas,Dry Tortugas Pine Stone 11,1188,552.81
Dry Tortugas,Dry Tortugas Sun Forest 12,175,764.82
Dry Tortugas,Dry Tortugas Forest Creek 13,732,947.23
Dry Tortugas,Dry Tortugas Forest Bear 14,21,824.25
Dry Tortugas,Dry Tortugas Sun Rock 15,720,922.79
Dry Tortugas,Dry Tortugas Lake Creek 16,843,103.85
Dry Tortugas,Dry Tortugas Creek Stone 17,1196,768.64
Dry Tortugas,Dry Tortugas Forest Stone 18,326,23.8
Dry Tortugas,Dry Tortugas Rock Cave 19,526,324.64
Dry Tortugas,Dry Tortugas Leaf Leaf 20,1164,244.19
Everglades,Everglades Sun Sun 1,317,643.82
Everglades,Everglades Bear Sun 2,568,742.29
Everglades,Everglades Lake Lake 3,472,558.93
Everglades,Everglades Bear Sun 4,52,922.12
Everglades,Everglades Rock Lake 5,590,926.4
Everglades,Everglades Sun Stone 6,733,331.79
Everglades,Everglades Pine Forest 7,186,13.36
Everglades,Everglades Stone Rock 8,855,9.84
Everglades,Everglades Lake Forest 9,121,311.67
Everglades,Everglades Bear Cave 10,603,499.43
Everglades,Everglades Stone Stone 11,418,297.1
Everglades,Everglades Forest Sun 12,895,413.75
Everglades,Everglades Sun Bear 13,619,459.85
Everglades,Everglades Forest Bear 14,837,470.56
Everglades,Everglades Pine Sun 15,572,809.87
Everglades,Everglades Forest Leaf 16,890,679.69
Everglades,Everglades Rock Sun 17,835,598.6
Everglades,Everglades Lake Rock 18,474,79.15
Everglades,Everglades Stone Cave 19,876,551.44
Everglades,Everglades Rock Stone 20,1178,253.64
Gates of the Arctic,Gates of the Arctic Stone Cave 1,699,246.96
Gates of the Arctic,Gates of the Arctic Cave Creek 2,394,370.94
Gates of the Arctic,Gates of the Arctic Cave Sun 3,250,411.19
Gates of the Arctic,Gates of the Arctic Cave Leaf 4,470,259.02
Gates of the Arctic,Gates of the Arctic Sun Pine 5,204,889.31
Gates of the Arctic,Gates of the Arctic Lake Bear 6,1088,531.25
Gates of the Arctic,Gates of the Arctic Sun Sun 7,134,202.64
Gates of the Arctic,Gates of the Arctic Bear Creek 8,214,35.21
Gates of the Arctic,Gates of the Arctic Stone Forest 9,1092,283.02
Gates of the Arctic,Gates of the Arctic Pine Rock 10,779,130.62
Gates of the Arctic,Gates of the Arctic Pine Forest 11,275,250.99
Gates of the Arctic,Gates of the Arctic Stone Sun 12,1018,210.12
Gates of the Arctic,Gates of the Arctic Lake Cave 13,114,355.35
Gates of the Arctic,Gates of the Arctic Stone Sun 14,454,188.84
Gates of the Arctic,Gates of the Arctic Leaf Leaf 15,239,902.01
Gates of the Arctic,Gates of the Arctic Rock Cave 16,1010,714.95
Gates of the Arctic,Gates of the Arctic Lake Rock 17,960,214.63
Gates of the Arctic,Gates of the Arctic Rock Rock 18,754,275.64
Gates of the Arctic,Gates of the Arctic Creek Forest 19,891,194.45
Gates of the Arctic,Gates of the Arctic Sun Lake 20,985,469.76
Glacier,Glacier Bear Rock 1,141,154.44
Glacier,Glacier Lake Pine 2,503,279.58
Glacier,Glacier Bear Bear 3,786,925.25
Glacier,Glacier Leaf Sun 4,286,863.81
Glacier,Glacier Bear Pine 5,977,392.28
Glacier,Glacier Cave Forest 6,1116,692.45
Glacier,Glacier Bear Stone 7,580,746.84
Glacier,Glacier Bear Rock 8,705,92.4
Glacier,Glacier Creek Leaf 9,254,505.2
Glacier,Glacier Pine Pine 10,453,650.64
Glacier,Glacier Lake Sun 11,495,864.33
Glacier,Glacier Stone Stone 12,581,649.11
Glacier,Glacier Cave Pine 13,681,70.45
Glacier,Glacier Sun Forest 14,144,581.71
Glacier,Glacier Lake Creek 15,1169,455.96
Glacier,Glacier Bear Rock 16,613,946.65
Glacier,Glacier Pine Lake 17,183,947.54
Glacier,Glacier Cave Creek 18,784,377.45
Glacier,Glacier Leaf Sun 19,1195,796.08
Glacier,Glacier Bear Stone 20,776,621.01
Glacier Bay,Glacier Bay Sun Sun 1,425,40.27
Glacier Bay,Glacier Bay Pine Rock 2,533,623.54
Glacier Bay,Glacier Bay Pine Forest 3,654,753.83
Glacier Bay,Glacier Bay Pine Forest 4,103,755.48
Glacier Bay,Glacier Bay Creek Rock 5,220,280.44
Glacier Bay,Glacier Bay Stone Creek 6,253,722.47
Glacier Bay,Glacier Bay Rock Creek 7,536,617.96
Glacier Bay,Glacier Bay Pine Bear 8,870,794.53
Glacier Bay,Glacier Bay Creek Leaf 9,955,90.19
Glacier Bay,Glacier Bay Sun Stone 10,818,377.54
Glacier Bay,Glacier Bay Lake Leaf 11,68,443.82
Glacier Bay,Glacier Bay Sun Stone 12,340,71.85
Glacier Bay,Glacier Bay Cave Rock 13,669,501.43
Glacier Bay,Glacier Bay Rock Rock 14,772,75.91
Glacier Bay,Glacier Bay Lake Pine 15,1063,997.58
Glacier Bay,Glacier Bay Stone Bear 16,389,793.89
Glacier Bay,Glacier Bay Lake Lake 17,414,159.2
Glacier Bay,Glacier Bay Cave Rock 18,1104,432.7
Glacier Bay,Glacier Bay Rock Rock 19,482,405.96
Glacier Bay,Glacier Bay Stone Sun 20,1184,240.29
Grand Canyon,Grand Canyon Sun Bear 1,397,587.68
Grand Canyon,Grand Canyon Creek Pine 2,25,761.58
Grand Canyon,Grand Canyon Creek Lake 3,247,484.01
Grand Canyon,Grand Canyon Creek Forest 4,995,702.97
Grand Canyon,Grand Canyon Forest Bear 5,1009,451.67
Grand Canyon,Grand Canyon Bear Sun 6,949,636.18
Grand Canyon,Grand Canyon Bear Sun 7,1039,822.41
Grand Canyon,Grand Canyon Lake Sun 8,235,197.75
Grand Canyon,Grand Canyon Lake Pine 9,169,584.15
Grand Canyon,Grand Canyon Pine Leaf 10,516,599.93
Grand Canyon,Grand Canyon Cave Leaf 11,673,303.17
Grand Canyon,Grand Canyon Leaf Creek 12,812,685.61
Grand Canyon,Grand Canyon Stone Lake 13,1000,330.59
Grand Canyon,Grand Canyon Sun Sun 14,62,150.02
Grand Canyon,Grand Canyon Stone Bear 15,658,769.69
Grand Canyon,Grand Canyon Creek Leaf 16,105,879.35
Grand Canyon,Grand Canyon Stone Pine 17,1081,212.92
Grand Canyon,Grand Canyon Rock Cave 18,423,79.01
Grand Canyon,Grand Canyon Sun Lake 19,510,624.54
Grand Canyon,Grand Canyon Sun Cave 20,1052,247.61
Grand Teton,Grand Teton Lake Stone 1,476,73.8
Grand Teton,Grand Teton Creek Bear 2,722,491.34
Grand Teton,Grand Teton Creek Stone 3,366,384.36
Grand Teton,Grand Teton Forest Forest 4,324,722.34
Grand Teton,Grand Teton Bear Sun 5,429,365.15
Grand Teton,Grand Teton Stone Creek 6,696,236.38
Grand Teton,Grand Teton Bear Bear 7,279,693.09
Grand Teton,Grand Teton Pine Bear 8,437,295.79
Grand Teton,Grand Teton Pine Creek 9,513,790.31
Grand Teton,Grand Teton Creek Creek 10,1110,805.69
Grand Teton,Grand Teton Sun Creek 11,933,804.97
Grand Teton,Grand Teton Lake Bear 12,847,648.9
Grand Teton,Grand Teton Leaf Pine 13,1165,731.05
Grand Teton,Grand Teton Creek Creek 14,1037,160.35
Grand Teton,Grand Teton Forest Lake 15,688,852.28
Grand Teton,Grand Teton Rock Pine 16,523,544.92
Grand Teton,Grand Teton Creek Bear 17,1001,788.9
Grand Teton,Grand Teton Pine Pine 18,162,970.31
Grand Teton,Grand Teton Leaf Rock 19,1128,105.34
Grand Teton,Grand Teton Creek Sun 20,1072,882.5
Great Basin,Great Basin Rock Rock 1,273,421.33
Great Basin,Great Basin Forest Stone 2,245,859.53
Great Basin,Great Basin Stone Forest 3,923,973.93
Great Basin,Great Basin Sun Bear 4,594,997.3
Great Basin,Great Basin Leaf Sun 5,597,595.79
Great Basin,Great Basin Creek Lake 6,24,910.23
Great Basin,Great Basin Forest Cave 7,477,457.99
Great Basin,Great Basin Forest Pine 8,334,311.44
Great Basin,Great Basin Leaf Leaf 9,388,113.15
Great Basin,Great Basin Leaf Leaf 10,289,276.27
Great Basin,Great Basin Pine Stone 11,1113,601.93
Great Basin,Great Basin Bear Stone 12,588,534.72
Great Basin,Great Basin Lake Rock 13,307,471.4
Great Basin,Great Basin Leaf Pine 14,1166,616.3
Great Basin,Great Basin Creek Rock 15,620,293.39
Great Basin,Great Basin Pine Bear 16,792,25.56
Great Basin,Great Basin Rock Lake 17,355,260.7
Great Basin,Great Basin Lake Lake 18,965,254.7
Great Basin,Great Basin Rock Sun 19,81,843.93
Great Basin,Great Basin Creek Pine 20,1114,101.81
Great Sand Dunes,Great Sand Dunes Pine Leaf 1,417,384.21
Great Sand Dunes,Great Sand Dunes Cave Pine 2,893,775.62
Great Sand Dunes,Great Sand Dunes Rock Bear 3,455,371.53
Great Sand Dunes,Great Sand Dunes Rock Cave 4,697,760.81
Great Sand Dunes,Great Sand Dunes Leaf Lake 5,927,899.16
Great Sand Dunes,Great Sand Dunes Sun Creek 6,939,276.1
Great Sand Dunes,Great Sand Dunes Creek Cave 7,1046,494.36
Great Sand Dunes,Great Sand Dunes Stone Pine 8,405,915.07
Great Sand Dunes,Great Sand Dunes Bear Sun 9,621,260.6
Great Sand Dunes,Great Sand Dunes Lake Creek 10,854,247.23
Great Sand Dunes,Great Sand Dunes Lake Stone 11,478,193.12
Great Sand Dunes,Great Sand Dunes Pine Creek 12,67,711.35
Great Sand Dunes,Great Sand Dunes Pine Stone 13,730,633.48
Great Sand Dunes,Great Sand Dunes Pine Lake 14,131,780.58
Great Sand Dunes,Great Sand Dunes Cave Leaf 15,882,62.25
Great Sand Dunes,Great Sand Dunes Forest Sun 16,50,772.74
Great Sand Dunes,Great Sand Dunes Rock Lake 17,152,333.15
Great Sand Dunes,Great Sand Dunes Creek Forest 18,695,212.92
Great Sand Dunes,Great Sand Dunes Forest Bear 19,680,921.51
Great Sand Dunes,Great Sand Dunes Pine Forest 20,48,249.12
Great Smoky Mountains,Great Smoky Mountains Lake Cave 1,525,637.04
Great Smoky Mountains,Great Smoky Mountains Bear Pine 2,442,693.14
Great Smoky Mountains,Great Smoky Mountains Bear Stone 3,459,28.77
Great Smoky Mountains,Great Smoky Mountains Sun Pine 4,550,364.42
Great Smoky Mountains,Great Smoky Mountains Stone Stone 5,1197,249.27
Great Smoky Mountains,Great Smoky Mountains Cave Cave 6,551,807.2
Great Smoky Mountains,Great Smoky Mountains Creek Rock 7,79,91.62
Great Smoky Mountains,Great Smoky Mountains Leaf Stone 8,981,280.11
Great Smoky Mountains,Great Smoky Mountains Bear Forest 9,778,817.3
Great Smoky Mountains,Great Smoky Mountains Creek Stone 10,457,959.65
Great Smoky Mountains,Great Smoky Mountains Pine Leaf 11,634,373.01
Great Smoky Mountains,Great Smoky Mountains Leaf Lake 12,574,220.75
Great Smoky Mountains,Great Smoky Mountains Leaf Forest 13,1151,54.88
Great Smoky Mountains,Great Smoky Mountains Leaf Leaf 14,814,968.41
Great Smoky Mountains,Great Smoky Mountains Stone Pine 15,1031,669.76
Great Smoky Mountains,Great Smoky Mountains Forest Stone 16,743,511.8
Great Smoky Mountains,Great Smoky Mountains Sun Cave 17,649,477.5
Great Smoky Mountains,Great Smoky Mountains Forest Creek 18,896,979.97
Great Smoky Mountains,Great Smoky Mountains Creek Bear 19,155,893.17
Great Smoky Mountains,Great Smoky Mountains Sun Stone 20,971,303.69
Guadalupe Mountains,Guadalupe Mountains Sun Bear 1,853,521.99
Guadalupe Mountains,Guadalupe Mountains Lake Pine 2,140,321.47
Guadalupe Mountains,Guadalupe Mountains Forest Leaf 3,70,826.37
Guadalupe Mountains,Guadalupe Mountains Stone Leaf 4,836,247.98
Guadalupe Mountains,Guadalupe Mountains Pine Stone 5,445,26.68
Guadalupe Mountains,Guadalupe Mountains Sun Leaf 6,739,781.13
Guadalupe Mountains,Guadalupe Mountains Sun Stone 7,242,551.94
Guadalupe Mountains,Guadalupe Mountains Leaf Rock 8,878,418.95
Guadalupe Mountains,Guadalupe Mountains Pine Pine 9,369,814.25
Guadalupe Mountains,Guadalupe Mountains Leaf Leaf 10,723,12.91
Guadalupe Mountains,Guadalupe Mountains Forest Sun 11,1014,859.09
Guadalupe Mountains,Guadalupe Mountains Cave Bear 12,1048,237.13
Guadalupe Mountains,Guadalupe Mountains Rock Forest 13,39,595.33
Guadalupe Mountains,Guadalupe Mountains Bear Rock 14,268,309.8
Guadalupe Mountains,Guadalupe Mountains Stone Sun 15,757,447.86
Guadalupe Mountains,Guadalupe Mountains Cave Cave 16,802,370.74
Guadalupe Mountains,Guadalupe Mountains Cave Lake 17,969,156.19
Guadalupe Mountains,Guadalupe Mountains Forest Rock 18,498,337.16
Guadalupe Mountains,Guadalupe Mountains Sun Forest 19,1183,978.75
Guadalupe Mountains,Guadalupe Mountains Bear Sun 20,496,666.12
Haleakala,Haleakala Stone Stone 1,124,685.73
Haleakala,Haleakala Lake Cave 2,546,850.47
Haleakala,Haleakala Pine Rock 3,466,438.97
Haleakala,Haleakala Pine Bear 4,532,71.77
Haleakala,Haleakala Forest Creek 5,959,932.52
Haleakala,Haleakala Sun Lake 6,1084,321.18
Haleakala,Haleakala Forest Stone 7,480,863.91
Haleakala,Haleakala Forest Stone 8,36,388.48
Haleakala,Haleakala Leaf Creek 9,433,714.98
Haleakala,Haleakala Leaf Creek 10,934,654.93
Haleakala,Haleakala Pine Forest 11,23,588.42
Haleakala,Haleakala Sun Bear 12,962,797.64
Haleakala,Haleakala Sun Bear 13,951,411.58
Haleakala,Haleakala Leaf Rock 14,1057,856.81
Haleakala,Haleakala Pine Bear 15,396,823.58
Haleakala,Haleakala Forest Lake 16,1042,396.44
Haleakala,Haleakala Sun Bear 17,494,627.74
Haleakala,Haleakala Creek Leaf 18,692,425.16
Haleakala,Haleakala Forest Lake 19,249,606.72
Haleakala,Haleakala Lake Sun 20,315,378.98
Hawaii Volcanoes,Hawaii Volcanoes Cave Bear 1,1040,404.54
Hawaii Volcanoes,Hawaii Volcanoes Sun Leaf 2,704,804.6
Hawaii Volcanoes,Hawaii Volcanoes Lake Pine 3,201,278.21
Hawaii Volcanoes,Hawaii Volcanoes Sun Pine 4,519,685.18
Hawaii Volcanoes,Hawaii Volcanoes Creek Pine 5,486,802.35
Hawaii Volcanoes,Hawaii Volcanoes Cave Pine 6,1148,659.32
Hawaii Volcanoes,Hawaii Volcanoes Leaf Forest 7,420,365.8
Hawaii Volcanoes,Hawaii Volcanoes Cave Sun 8,176,933.75
Hawaii Volcanoes,Hawaii Volcanoes Pine Cave 9,400,152.33
Hawaii Volcanoes,Hawaii Volcanoes Sun Stone 10,747,846.88
Hawaii Volcanoes,Hawaii Volcanoes Creek Lake 11,1141,915.3
Hawaii Volcanoes,Hawaii Volcanoes Stone Rock 12,856,455.52
Hawaii Volcanoes,Hawaii Volcanoes Pine Bear 13,150,578.85
Hawaii Volcanoes,Hawaii Volcanoes Pine Pine 14,561,976.85
Hawaii Volcanoes,Hawaii Volcanoes Forest Sun 15,1069,899.08
Hawaii Volcanoes,Hawaii Volcanoes Bear Cave 16,298,952.95
Hawaii Volcanoes,Hawaii Volcanoes Sun Lake 17,783,291.66
Hawaii Volcanoes,Hawaii Volcanoes Stone Forest 18,1016,98.16
Hawaii Volcanoes,Hawaii Volcanoes Pine Leaf 19,501,64.7
Hawaii Volcanoes,Hawaii Volcanoes Sun Rock 20,412,837.44
Hot Springs,Hot Springs Leaf Leaf 1,919,366.29
Hot Springs,Hot Springs Sun Cave 2,1033,22.54
Hot Springs,Hot Springs Pine Rock 3,226,336.98
Hot Springs,Hot Springs Lake Leaf 4,607,802.01
Hot Springs,Hot Springs Forest Creek 5,900,836.44
Hot Springs,Hot Springs Leaf Lake 6,711,569.01
Hot Springs,Hot Springs Creek Pine 7,556,849.58
Hot Springs,Hot Springs Sun Bear 8,180,448.29
Hot Springs,Hot Springs Rock Stone 9,666,855.79
Hot Springs,Hot Springs Bear Sun 10,283,360.18
Hot Springs,Hot Springs Forest Stone 11,1068,602.28
Hot Springs,Hot Springs Pine Bear 12,422,538.93
Hot Springs,Hot Springs Forest Leaf 13,45,18.49
Hot Springs,Hot Springs Stone Leaf 14,1170,674.2
Hot Springs,Hot Springs Sun Forest 15,799,181.94
Hot Springs,Hot Springs Stone Leaf 16,456,273.5
Hot Springs,Hot Springs Pine Forest 17,125,606.3
Hot Springs,Hot Springs Lake Cave 18,296,807.03
Hot Springs,Hot Springs Lake Lake 19,120,851.71
Hot Springs,Hot Springs Bear Bear 20,309,625.98
Isle Royale,Isle Royale Cave Bear 1,750,912.1
Isle Royale,Isle Royale Rock Lake 2,404,370.68
Isle Royale,Isle Royale Leaf Leaf 3,920,741.76
Isle Royale,Isle Royale Cave Creek 4,1002,772.1
Isle Royale,Isle Royale Lake Stone 5,623,155.62
Isle Royale,Isle Royale Leaf Lake 6,158,492.77
Isle Royale,Isle Royale Lake Bear 7,240,207.53
Isle Royale,Isle Royale Lake Lake 8,702,287.85
Isle Royale,Isle Royale Sun Pine 9,780,211.24
Isle Royale,Isle Royale Stone Stone 10,217,785.77
Isle Royale,Isle Royale Sun Leaf 11,259,635.69
Isle Royale,Isle Royale Cave Bear 12,852,648.85
Isle Royale,Isle Royale Bear Pine 13,742,55.88
Isle Royale,Isle Royale Cave Rock 14,600,642.83
Isle Royale,Isle Royale Sun Stone 15,1036,509.05
Isle Royale,Isle Royale Bear Stone 16,308,337.81
Isle Royale,Isle Royale Cave Lake 17,610,665.41
Isle Royale,Isle Royale Cave Cave 18,231,952.93
Isle Royale,Isle Royale Bear Rock 19,122,336.87
Isle Royale,Isle Royale Creek Stone 20,740,414.57
Joshua Tree,Joshua Tree Rock Cave 1,997,933.12
Joshua Tree,Joshua Tree Leaf Creek 2,926,422.53
Joshua Tree,Joshua Tree Sun Sun 3,622,933.82
Joshua Tree,Joshua Tree Creek Stone 4,670,503.64
Joshua Tree,Joshua Tree Pine Stone 5,241,189.59
Joshua Tree,Joshua Tree Creek Sun 6,515,148.02
Joshua Tree,Joshua Tree Stone Pine 7,261,37.43
Joshua Tree,Joshua Tree Rock Stone 8,76,394.37
Joshua Tree,Joshua Tree Lake Rock 9,968,719.93
Joshua Tree,Joshua Tree Bear Stone 10,973,318.83
Joshua Tree,Joshua Tree Leaf Forest 11,303,24.96
Joshua Tree,Joshua Tree Cave Pine 12,1035,962.94
Joshua Tree,Joshua Tree Leaf Pine 13,637,606.04
Joshua Tree,Joshua Tree Rock Forest 14,1180,585.53
Joshua Tree,Joshua Tree Pine Pine 15,823,705.04
Joshua Tree,Joshua Tree Creek Forest 16,625,741.48
Joshua Tree,Joshua Tree Rock Sun 17,94,392.08
Joshua Tree,Joshua Tree Lake Lake 18,1086,282.98
Joshua Tree,Joshua Tree Creek Leaf 19,428,394.59
Joshua Tree,Joshua Tree Stone Stone 20,998,376.22
Katmai,Katmai Sun Cave 1,1060,170.31
Katmai,Katmai Forest Stone 2,889,909.25
Katmai,Katmai Stone Bear 3,737,741.48
Katmai,Katmai Leaf Creek 4,1150,280.45
Katmai,Katmai Rock Lake 5,593,554.47
Katmai,Katmai Creek Rock 6,164,355.73
Katmai,Katmai Forest Forest 7,1043,860.11
Katmai,Katmai Stone Rock 8,139,564.66
Katmai,Katmai Pine Pine 9,872,998.21
Katmai,Katmai Cave Forest 10,138,142.89
Katmai,Katmai Pine Leaf 11,481,573.1
Katmai,Katmai Cave Creek 12,942,464.45
Katmai,Katmai Pine Rock 13,858,989.66
Katmai,Katmai Sun Cave 14,797,832.9
Katmai,Katmai Bear Pine 15,343,149.55
Katmai,Katmai Creek Creek 16,59,129.73
Katmai,Katmai Creek Bear 17,42,919.81
Katmai,Katmai Cave Creek 18,664,237.88
Katmai,Katmai Sun Cave 19,310,165.56
Katmai,Katmai Lake Leaf 20,767,428.38
Kenai Fjords,Kenai Fjords Forest Pine 1,255,255.81
Kenai Fjords,Kenai Fjords Lake Cave 2,344,861.66
Kenai Fjords,Kenai Fjords Leaf Stone 3,880,653.61
Kenai Fjords,Kenai Fjords Forest Pine 4,735,0.81
Kenai Fjords,Kenai Fjords Forest Cave 5,145,800.01
Kenai Fjords,Kenai Fjords Stone Lake 6,430,393.34
Kenai Fjords,Kenai Fjords Sun Cave 7,328,868.93
Kenai Fjords,Kenai Fjords Creek Rock 8,845,501.29
Kenai Fjords,Kenai Fjords Forest Lake 9,690,376.67
Kenai Fjords,Kenai Fjords Rock Cave 10,96,402.15
Kenai Fjords,Kenai Fjords Leaf Lake 11,605,394.82
Kenai Fjords,Kenai Fjords Lake Pine 12,1133,317.3
Kenai Fjords,Kenai Fjords Pine Creek 13,375,303.75
Kenai Fjords,Kenai Fjords Leaf Leaf 14,432,835.92
Kenai Fjords,Kenai Fjords Leaf Leaf 15,570,394.7
Kenai Fjords,Kenai Fjords Leaf Leaf 16,84,579.0
Kenai Fjords,Kenai Fjords Pine Rock 17,916,279.05
Kenai Fjords,Kenai Fjords Creek Cave 18,1144,406.79
Kenai Fjords,Kenai Fjords Sun Pine 19,1053,543.67
Kenai Fjords,Kenai Fjords Lake Pine 20,502,953.25
Kings Canyon,Kings Canyon Rock Stone 1,213,62.02
Kings Canyon,Kings Canyon Sun Lake 2,873,818.72
Kings Canyon,Kings Canyon Stone Pine 3,78,218.57
Kings Canyon,Kings Canyon Rock Forest 4,187,78.52
Kings Canyon,Kings Canyon Forest Stone 5,1045,479.64
Kings Canyon,Kings Canyon Forest Pine 6,902,1.54
Kings Canyon,Kings Canyon Stone Sun 7,199,14.34
Kings Canyon,Kings Canyon Rock Pine 8,185,666.56
Kings Canyon,Kings Canyon Sun Cave 9,833,925.92
Kings Canyon,Kings Canyon Rock Forest 10,51,679.77
Kings Canyon,Kings Canyon Forest Lake 11,894,190.19
Kings Canyon,Kings Canyon Cave Forest 12,1177,547.36
Kings Canyon,Kings Canyon Cave Cave 13,957,829.48
Kings Canyon,Kings Canyon Cave Leaf 14,665,246.59
Kings Canyon,Kings Canyon Pine Lake 15,868,171.65
Kings Canyon,Kings Canyon Pine Forest 16,1023,134.99
Kings Canyon,Kings Canyon Bear Pine 17,1093,328.08
Kings Canyon,Kings Canyon Bear Cave 18,1008,596.71
Kings Canyon,Kings Canyon Bear Rock 19,803,295.89
Kings Canyon,Kings Canyon Rock Leaf 20,1075,540.85
Kobuk Valley,Kobuk Valley Cave Sun 1,191,958.47
Kobuk Valley,Kobuk Valley Pine Cave 2,801,194.92
Kobuk Valley,Kobuk Valley Creek Leaf 3,1129,123.38
Kobuk Valley,Kobuk Valley Bear Rock 4,236,523.15
Kobuk Valley,Kobuk Valley Lake Sun 5,440,336.9
Kobuk Valley,Kobuk Valley Lake Sun 6,316,980.54
Kobuk Valley,Kobuk Valley Cave Leaf 7,287,503.79
Kobuk Valley,Kobuk Valley Cave Pine 8,188,579.09
Kobuk Valley,Kobuk Valley Lake Bear 9,258,515.29
Kobuk Valley,Kobuk Valley Leaf Creek 10,948,481.63
Kobuk Valley,Kobuk Valley Lake Rock 11,599,533.57
Kobuk Valley,Kobuk Valley Sun Stone 12,419,484.73
Kobuk Valley,Kobuk Valley Creek Sun 13,314,356.77
Kobuk Valley,Kobuk Valley Stone Creek 14,447,752.8
Kobuk Valley,Kobuk Valley Forest Rock 15,115,383.24
Kobuk Valley,Kobuk Valley Rock Rock 16,756,424.4
Kobuk Valley,Kobuk Valley Forest Cave 17,321,351.84
Kobuk Valley,Kobuk Valley Cave Lake 18,530,552.36
Kobuk Valley,Kobuk Valley Cave Creek 19,49,873.7
Kobuk Valley,Kobuk Valley Rock Stone 20,846,862.89
Lake Clark,Lake Clark Rock Creek 1,106,548.15
Lake Clark,Lake Clark Leaf Creek 2,126,721.33
Lake Clark,Lake Clark Lake Leaf 3,34,377.75
Lake Clark,Lake Clark Lake Sun 4,484,321.9
Lake Clark,Lake Clark Lake Stone 5,372,854.19
Lake Clark,Lake Clark Cave Leaf 6,635,962.68
Lake Clark,Lake Clark Creek Leaf 7,195,220.31
Lake Clark,Lake Clark Rock Forest 8,773,786.84
Lake Clark,Lake Clark Cave Lake 9,410,537.47
Lake Clark,Lake Clark Sun Pine 10,861,528.39
Lake Clark,Lake Clark Leaf Pine 11,1175,995.89
Lake Clark,Lake Clark Stone Creek 12,736,925.48
Lake Clark,Lake Clark Forest Leaf 13,475,996.36
Lake Clark,Lake Clark Lake Cave 14,173,512.79
Lake Clark,Lake Clark Rock Cave 15,393,467.37
Lake Clark,Lake Clark Stone Lake 16,302,440.22
Lake Clark,Lake Clark Forest Forest 17,277,29.42
Lake Clark,Lake Clark Stone Creek 18,745,308.59
Lake Clark,Lake Clark Lake Forest 19,1049,92.74
Lake Clark,Lake Clark Stone Sun 20,58,32.0
Lassen Volcanic,Lassen Volcanic Stone Pine 1,534,885.68
Lassen Volcanic,Lassen Volcanic Forest Pine 2,323,408.74
Lassen Volcanic,Lassen Volcanic Lake Lake 3,148,329.04
Lassen Volcanic,Lassen Volcanic Leaf Forest 4,842,973.36
Lassen Volcanic,Lassen Volcanic Leaf Pine 5,785,692.55
Lassen Volcanic,Lassen Volcanic Rock Leaf 6,661,830.3
Lassen Volcanic,Lassen Volcanic Cave Lake 7,1080,842.82
Lassen Volcanic,Lassen Volcanic Cave Stone 8,133,787.33
Lassen Volcanic,Lassen Volcanic Rock Stone 9,209,927.07
Lassen Volcanic,Lassen Volcanic Stone Lake 10,377,579.44
Lassen Volcanic,Lassen Volcanic Sun Rock 11,608,929.07
Lassen Volcanic,Lassen Volcanic Cave Forest 12,712,375.33
Lassen Volcanic,Lassen Volcanic Bear Lake 13,332,376.49
Lassen Volcanic,Lassen Volcanic Bear Creek 14,521,249.99
Lassen Volcanic,Lassen Volcanic Forest Creek 15,129,603.24
Lassen Volcanic,Lassen Volcanic Pine Sun 16,566,703.98
Lassen Volcanic,Lassen Volcanic Pine Stone 17,464,873.01
Lassen Volcanic,Lassen Volcanic Creek Sun 18,558,732.31
Lassen Volcanic,Lassen Volcanic Lake Pine 19,1172,635.26
Lassen Volcanic,Lassen Volcanic Cave Leaf 20,1087,460.96
Mammoth Cave,Mammoth Cave Leaf Lake 1,602,952.58
Mammoth Cave,Mammoth Cave Bear Creek 2,409,365.48
Mammoth Cave,Mammoth Cave Lake Rock 3,520,383.23
Mammoth Cave,Mammoth Cave Pine Leaf 4,1137,593.45
Mammoth Cave,Mammoth Cave Lake Cave 5,953,678.2
Mammoth Cave,Mammoth Cave Cave Stone 6,1030,653.2
Mammoth Cave,Mammoth Cave Leaf Stone 7,1167,897.55
Mammoth Cave,Mammoth Cave Forest Sun 8,970,685.33
Mammoth Cave,Mammoth Cave Cave Pine 9,706,584.25
Mammoth Cave,Mammoth Cave Bear Lake 10,877,566.17
Mammoth Cave,Mammoth Cave Lake Lake 11,154,155.51
Mammoth Cave,Mammoth Cave Rock Sun 12,844,702.46
Mammoth Cave,Mammoth Cave Creek Rock 13,88,203.04
Mammoth Cave,Mammoth Cave Cave Pine 14,1056,437.71
Mammoth Cave,Mammoth Cave Lake Sun 15,107,933.48
Mammoth Cave,Mammoth Cave Lake Creek 16,647,899.98
Mammoth Cave,Mammoth Cave Stone Bear 17,350,570.85
Mammoth Cave,Mammoth Cave Pine Creek 18,336,405.24
Mammoth Cave,Mammoth Cave Forest Forest 19,491,664.71
Mammoth Cave,Mammoth Cave Cave Lake 20,748,814.36
Mesa Verde,Mesa Verde Pine Stone 1,685,357.62
Mesa Verde,Mesa Verde Bear Bear 2,761,170.47
Mesa Verde,Mesa Verde Rock Stone 3,479,121.97
Mesa Verde,Mesa Verde Forest Stone 4,1126,110.32
Mesa Verde,Mesa Verde Leaf Forest 5,512,350.49
Mesa Verde,Mesa Verde Bear Creek 6,509,786.37
Mesa Verde,Mesa Verde Leaf Bear 7,1007,56.67
Mesa Verde,Mesa Verde Pine Stone 8,1099,69.35
Mesa Verde,Mesa Verde Sun Leaf 9,216,692.43
Mesa Verde,Mesa Verde Rock Bear 10,159,135.15
Mesa Verde,Mesa Verde Lake Bear 11,341,941.4
Mesa Verde,Mesa Verde Rock Lake 12,822,444.56
Mesa Verde,Mesa Verde Lake Sun 13,813,139.8
Mesa Verde,Mesa Verde Forest Pine 14,193,968.84
Mesa Verde,Mesa Verde Lake Leaf 15,980,753.02
Mesa Verde,Mesa Verde Cave Bear 16,46,54.33
Mesa Verde,Mesa Verde Sun Bear 17,808,7.44
Mesa Verde,Mesa Verde Cave Stone 18,1005,695.58
Mesa Verde,Mesa Verde Creek Bear 19,979,113.54
Mesa Verde,Mesa Verde Stone Creek 20,831,991.89
Mount Rainier,Mount Rainier Bear Leaf 1,644,171.85
Mount Rainier,Mount Rainier Creek Forest 2,749,238.53
Mount Rainier,Mount Rainier Pine Cave 3,529,631.37
Mount Rainier,Mount Rainier Creek Creek 4,827,643.76
Mount Rainier,Mount Rainier Rock Rock 5,1100,268.66
Mount Rainier,Mount Rainier Stone Leaf 6,438,387.39
Mount Rainier,Mount Rainier Leaf Lake 7,728,66.17
Mount Rainier,Mount Rainier Leaf Leaf 8,381,66.45
Mount Rainier,Mount Rainier Pine Lake 9,817,444.09
Mount Rainier,Mount Rainier Creek Sun 10,932,652.21
Mount Rainier,Mount Rainier Rock Pine 11,212,256.38
Mount Rainier,Mount Rainier Pine Bear 12,766,626.05
Mount Rainier,Mount Rainier Lake Pine 13,719,435.55
Mount Rainier,Mount Rainier Creek Bear 14,975,471.17
Mount Rainier,Mount Rainier Cave Cave 15,850,949.49
Mount Rainier,Mount Rainier Leaf Stone 16,77,941.55
Mount Rainier,Mount Rainier Cave Stone 17,875,751.18
Mount Rainier,Mount Rainier Lake Forest 18,755,685.34
Mount Rainier,Mount Rainier Leaf Stone 19,142,256.41
Mount Rainier,Mount Rainier Cave Rock 20,190,569.67
North Cascades,North Cascades Rock Creek 1,918,288.69
North Cascades,North Cascades Forest Rock 2,219,685.23
North Cascades,North Cascades Cave Cave 3,633,801.91
North Cascades,North Cascades Cave Lake 4,967,89.83
North Cascades,North Cascades Sun Cave 5,729,55.55
North Cascades,North Cascades Leaf Pine 6,181,914.82
North Cascades,North Cascades Creek Forest 7,798,712.91
North Cascades,North Cascades Leaf Rock 8,830,464.68
North Cascades,North Cascades Creek Pine 9,1193,447.65
North Cascades,North Cascades Stone Leaf 10,576,150.6
North Cascades,North Cascades Forest Pine 11,89,99.96
North Cascades,North Cascades Pine Creek 12,707,265.31
North Cascades,North Cascades Sun Lake 13,1191,897.18
North Cascades,North Cascades Bear Lake 14,542,434.42
North Cascades,North Cascades Forest Cave 15,629,197.18
North Cascades,North Cascades Creek Cave 16,963,242.58
North Cascades,North Cascades Rock Lake 17,698,107.37
North Cascades,North Cascades Sun Cave 18,511,256.08
North Cascades,North Cascades Creek Lake 19,865,55.48
North Cascades,North Cascades Cave Cave 20,591,198.05
Olympic,Olympic Pine Pine 1,1021,475.81
Olympic,Olympic Forest Lake 2,1012,530.16
Olympic,Olympic Pine Pine 3,1171,156.0
Olympic,Olympic Pine Forest 4,1096,70.28
Olympic,Olympic Leaf Sun 5,1066,928.72
Olympic,Olympic Sun Leaf 6,299,576.96
Olympic,Olympic Leaf Stone 7,113,508.46
Olympic,Olympic Leaf Lake 8,1038,773.09
Olympic,Olympic Pine Sun 9,203,920.37
Olympic,Olympic Rock Forest 10,579,256.11
Olympic,Olympic Bear Forest 11,598,614.66
Olympic,Olympic Rock Rock 12,56,735.2
Olympic,Olympic Creek Leaf 13,587,492.18
Olympic,Olympic Lake Creek 14,1123,447.58
Olympic,Olympic Forest Leaf 15,549,381.08
Olympic,Olympic Bear Lake 16,359,108.58
Olympic,Olympic Forest Lake 17,128,516.53
Olympic,Olympic Leaf Rock 18,364,928.61
Olympic,Olympic Creek Lake 19,61,195.73
Olympic,Olympic Bear Forest 20,374,436.45
Petrified Forest,Petrified Forest Lake Lake 1,1109,716.56
Petrified Forest,Petrified Forest Cave Creek 2,1026,137.37
Petrified Forest,Petrified Forest Stone Rock 3,1163,19.44
Petrified Forest,Petrified Forest Sun Forest 4,333,126.2
Petrified Forest,Petrified Forest Forest Creek 5,28,324.71
Petrified Forest,Petrified Forest Lake Rock 6,892,429.27
Petrified Forest,Petrified Forest Forest Pine 7,840,540.27
Petrified Forest,Petrified Forest Cave Sun 8,251,511.5
Petrified Forest,Petrified Forest Rock Cave 9,329,247.55
Petrified Forest,Petrified Forest Forest Cave 10,149,235.29
Petrified Forest,Petrified Forest Cave Rock 11,1108,258.79
Petrified Forest,Petrified Forest Bear Pine 12,886,906.22
Petrified Forest,Petrified Forest Pine Sun 13,879,111.1
Petrified Forest,Petrified Forest Rock Lake 14,897,15.33
Petrified Forest,Petrified Forest Cave Cave 15,297,2.3
Petrified Forest,Petrified Forest Rock Cave 16,448,712.53
Petrified Forest,Petrified Forest Forest Bear 17,205,948.93
Petrified Forest,Petrified Forest Bear Pine 18,790,383.07
Petrified Forest,Petrified Forest Sun Sun 19,999,880.28
Petrified Forest,Petrified Forest Rock Forest 20,693,654.49
Pinnacles,Pinnacles Bear Pine 1,1103,435.87
Pinnacles,Pinnacles Rock Bear 2,686,365.43
Pinnacles,Pinnacles Rock Pine 3,567,30.61
Pinnacles,Pinnacles Sun Rock 4,863,77.14
Pinnacles,Pinnacles Stone Creek 5,874,962.07
Pinnacles,Pinnacles Lake Sun 6,820,474.66
Pinnacles,Pinnacles Lake Stone 7,177,58.92
Pinnacles,Pinnacles Lake Sun 8,996,278.79
Pinnacles,Pinnacles Bear Leaf 9,517,119.32
Pinnacles,Pinnacles Rock Sun 10,178,760.59
Pinnacles,Pinnacles Lake Pine 11,1079,987.55
Pinnacles,Pinnacles Pine Bear 12,1158,858.04
Pinnacles,Pinnacles Forest Creek 13,234,992.34
Pinnacles,Pinnacles Forest Rock 14,582,306.35
Pinnacles,Pinnacles Creek Bear 15,123,559.8
Pinnacles,Pinnacles Bear Creek 16,210,561.54
Pinnacles,Pinnacles Bear Pine 17,490,968.43
Pinnacles,Pinnacles Rock Lake 18,555,513.32
Pinnacles,Pinnacles Stone Forest 19,1198,178.04
Pinnacles,Pinnacles Cave Cave 20,1013,82.39
Redwood,Redwood Leaf Stone 1,361,742.91
Redwood,Redwood Bear Cave 2,392,336.59
Redwood,Redwood Cave Creek 3,244,257.66
Redwood,Redwood Sun Leaf 4,368,564.33
Redwood,Redwood Creek Leaf 5,318,94.49
Redwood,Redwood Cave Lake 6,233,828.65
Redwood,Redwood Forest Lake 7,398,357.01
Redwood,Redwood Bear Cave 8,612,835.94
Redwood,Redwood Sun Creek 9,1062,264.2
Redwood,Redwood Cave Stone 10,1017,667.97
Redwood,Redwood Cave Stone 11,170,8.45
Redwood,Redwood Cave Pine 12,639,29.7
Redwood,Redwood Pine Forest 13,859,705.74
Redwood,Redwood Creek Stone 14,32,343.15
Redwood,Redwood Rock Sun 15,497,169.51
Redwood,Redwood Rock Stone 16,83,568.05
Redwood,Redwood Cave Pine 17,290,875.36
Redwood,Redwood Cave Cave 18,725,838.45
Redwood,Redwood Rock Creek 19,449,69.44
Redwood,Redwood Creek Forest 20,787,168.54
Rocky Mountain,Rocky Mountain Forest Creek 1,349,93.49
Rocky Mountain,Rocky Mountain Cave Forest 2,436,417.54
Rocky Mountain,Rocky Mountain Stone Rock 3,527,535.11
Rocky Mountain,Rocky Mountain Forest Sun 4,1155,417.0
Rocky Mountain,Rocky Mountain Stone Stone 5,1085,363.22
Rocky Mountain,Rocky Mountain Rock Forest 6,29,395.84
Rocky Mountain,Rocky Mountain Rock Pine 7,1124,856.57
Rocky Mountain,Rocky Mountain Creek Stone 8,260,575.02
Rocky Mountain,Rocky Mountain Leaf Pine 9,809,58.58
Rocky Mountain,Rocky Mountain Rock Bear 10,218,49.1
Rocky Mountain,Rocky Mountain Forest Creek 11,1194,943.9
Rocky Mountain,Rocky Mountain Stone Sun 12,869,53.16
Rocky Mountain,Rocky Mountain Stone Sun 13,269,907.62
Rocky Mountain,Rocky Mountain Pine Leaf 14,1074,604.23
Rocky Mountain,Rocky Mountain Pine Rock 15,615,548.01
Rocky Mountain,Rocky Mountain Pine Cave 16,172,950.1
Rocky Mountain,Rocky Mountain Lake Stone 17,807,532.67
Rocky Mountain,Rocky Mountain Forest Forest 18,98,411.84
Rocky Mountain,Rocky Mountain Creek Bear 19,881,668.35
Rocky Mountain,Rocky Mountain Sun Pine 20,1058,478.52
Saguaro,Saguaro Pine Pine 1,552,288.59
Saguaro,Saguaro Creek Forest 2,915,534.26
Saguaro,Saguaro Forest Stone 3,421,98.15
Saguaro,Saguaro Lake Pine 4,467,339.09
Saguaro,Saguaro Cave Forest 5,651,10.77
Saguaro,Saguaro Leaf Leaf 6,950,139.55
Saguaro,Saguaro Sun Sun 7,1025,958.05
Saguaro,Saguaro Leaf Rock 8,984,611.63
Saguaro,Saguaro Rock Rock 9,571,766.96
Saguaro,Saguaro Stone Rock 10,1028,902.64
Saguaro,Saguaro Stone Stone 11,887,961.48
Saguaro,Saguaro Cave Pine 12,829,330.71
Saguaro,Saguaro Creek Cave 13,444,831.5
Saguaro,Saguaro Lake Pine 14,426,34.19
Saguaro,Saguaro Cave Lake 15,54,272.6
Saguaro,Saguaro Bear Leaf 16,925,665.01
Saguaro,Saguaro Bear Cave 17,174,394.25
Saguaro,Saguaro Bear Sun 18,408,175.94
Saguaro,Saguaro Creek Cave 19,416,295.8
Saguaro,Saguaro Rock Bear 20,403,623.7
Sequoia,Sequoia Stone Sun 1,1078,685.89
Sequoia,Sequoia Sun Rock 2,883,249.6
Sequoia,Sequoia Bear Pine 3,1160,925.59
Sequoia,Sequoia Forest Cave 4,627,541.75
Sequoia,Sequoia Pine Cave 5,958,890.43
Sequoia,Sequoia Pine Bear 6,928,267.75
Sequoia,Sequoia Pine Cave 7,384,36.73
Sequoia,Sequoia Rock Sun 8,504,634.03
Sequoia,Sequoia Leaf Sun 9,811,841.71
Sequoia,Sequoia Forest Leaf 10,717,349.77
Sequoia,Sequoia Leaf Cave 11,284,104.46
Sequoia,Sequoia Bear Pine 12,816,593.14
Sequoia,Sequoia Leaf Stone 13,1185,983.6
Sequoia,Sequoia Lake Sun 14,650,327.85
Sequoia,Sequoia Rock Forest 15,63,910.04
Sequoia,Sequoia Leaf Lake 16,838,578.21
Sequoia,Sequoia Lake Stone 17,631,483.86
Sequoia,Sequoia Lake Creek 18,1149,329.1
Sequoia,Sequoia Rock Stone 19,271,989.97
Sequoia,Sequoia Forest Sun 20,1173,623.17
Shenandoah,Shenandoah Sun Forest 1,1115,59.16
Shenandoah,Shenandoah Rock Bear 2,667,455.33
Shenandoah,Shenandoah Cave Forest 3,606,236.65
Shenandoah,Shenandoah Stone Cave 4,1145,629.52
Shenandoah,Shenandoah Lake Cave 5,867,294.02
Shenandoah,Shenandoah Lake Sun 6,488,32.14
Shenandoah,Shenandoah Sun Sun 7,75,17.6
Shenandoah,Shenandoah Creek Lake 8,860,84.98
Shenandoah,Shenandoah Leaf Leaf 9,406,203.15
Shenandoah,Shenandoah Pine Pine 10,166,844.37
Shenandoah,Shenandoah Cave Leaf 11,72,896.86
Shenandoah,Shenandoah Rock Cave 12,930,657.26
Shenandoah,Shenandoah Pine Creek 13,1161,98.14
Shenandoah,Shenandoah Bear Creek 14,85,508.14
Shenandoah,Shenandoah Lake Cave 15,458,834.16
Shenandoah,Shenandoah Forest Bear 16,285,166.26
Shenandoah,Shenandoah Pine Lake 17,1024,550.55
Shenandoah,Shenandoah Forest Stone 18,66,570.76
Shenandoah,Shenandoah Bear Cave 19,47,56.86
Shenandoah,Shenandoah Lake Pine 20,395,404.47
Theodore Roosevelt,Theodore Roosevelt Lake Bear 1,450,158.91
Theodore Roosevelt,Theodore Roosevelt Bear Forest 2,74,975.8
Theodore Roosevelt,Theodore Roosevelt Bear Lake 3,1162,867.74
Theodore Roosevelt,Theodore Roosevelt Forest Forest 4,851,103.41
Theodore Roosevelt,Theodore Roosevelt Bear Sun 5,102,577.94
Theodore Roosevelt,Theodore Roosevelt Stone Forest 6,354,858.02
Theodore Roosevelt,Theodore Roosevelt Leaf Rock 7,27,542.84
Theodore Roosevelt,Theodore Roosevelt Sun Rock 8,108,826.09
Theodore Roosevelt,Theodore Roosevelt Cave Rock 9,93,818.98
Theodore Roosevelt,Theodore Roosevelt Bear Lake 10,714,278.95
Theodore Roosevelt,Theodore Roosevelt Stone Forest 11,383,924.45
Theodore Roosevelt,Theodore Roosevelt Bear Stone 12,347,539.52
Theodore Roosevelt,Theodore Roosevelt Pine Cave 13,1131,664.98
Theodore Roosevelt,Theodore Roosevelt Leaf Creek 14,946,746.43
Theodore Roosevelt,Theodore Roosevelt Lake Pine 15,1015,400.07
Theodore Roosevelt,Theodore Roosevelt Bear Sun 16,1082,640.22
Theodore Roosevelt,Theodore Roosevelt Lake Pine 17,726,995.33
Theodore Roosevelt,Theodore Roosevelt Rock Stone 18,560,649.63
Theodore Roosevelt,Theodore Roosevelt Cave Creek 19,945,941.12
Theodore Roosevelt,Theodore Roosevelt Cave Cave 20,832,215.53
Virgin Islands,Virgin Islands Leaf Leaf 1,30,582.88
Virgin Islands,Virgin Islands Creek Cave 2,1044,606.3
Virgin Islands,Virgin Islands Stone Leaf 3,518,528.87
Virgin Islands,Virgin Islands Cave Cave 4,99,970.16
Virgin Islands,Virgin Islands Lake Cave 5,363,804.15
Virgin Islands,Virgin Islands Rock Rock 6,452,491.92
Virgin Islands,Virgin Islands Forest Stone 7,614,626.97
Virgin Islands,Virgin Islands Cave Forest 8,701,598.86
Virgin Islands,Virgin Islands Leaf Rock 9,839,809.32
Virgin Islands,Virgin Islands Lake Stone 10,547,454.28
Virgin Islands,Virgin Islands Forest Leaf 11,1120,779.15
Virgin Islands,Virgin Islands Leaf Pine 12,986,650.14
Virgin Islands,Virgin Islands Forest Creek 13,901,815.25
Virgin Islands,Virgin Islands Sun Lake 14,291,447.2
Virgin Islands,Virgin Islands Lake Sun 15,345,939.52
Virgin Islands,Virgin Islands Pine Lake 16,989,686.35
Virgin Islands,Virgin Islands Leaf Leaf 17,500,965.52
Virgin Islands,Virgin Islands Lake Bear 18,387,417.36
Virgin Islands,Virgin Islands Lake Stone 19,206,869.42
Virgin Islands,Virgin Islands Stone Cave 20,671,364.57
Voyageurs,Voyageurs Sun Leaf 1,826,186.79
Voyageurs,Voyageurs Cave Bear 2,92,534.99
Voyageurs,Voyageurs Rock Forest 3,931,947.2
Voyageurs,Voyageurs Bear Forest 4,539,291.2
Voyageurs,Voyageurs Lake Lake 5,262,262.96
Voyageurs,Voyageurs Sun Bear 6,505,482.83
Voyageurs,Voyageurs Creek Forest 7,1059,773.53
Voyageurs,Voyageurs Bear Creek 8,913,454.76
Voyageurs,Voyageurs Rock Bear 9,492,801.17
Voyageurs,Voyageurs Forest Sun 10,246,624.72
Voyageurs,Voyageurs Pine Bear 11,411,254.09
Voyageurs,Voyageurs Creek Sun 12,751,43.78
Voyageurs,Voyageurs Pine Rock 13,976,408.55
Voyageurs,Voyageurs Creek Forest 14,677,381.01
Voyageurs,Voyageurs Cave Creek 15,936,427.2
Voyageurs,Voyageurs Bear Rock 16,379,708.8
Voyageurs,Voyageurs Sun Pine 17,248,803.25
Voyageurs,Voyageurs Forest Pine 18,1083,453.49
Voyageurs,Voyageurs Forest Stone 19,864,758.09
Voyageurs,Voyageurs Bear Leaf 20,157,725.76
Wind Cave,Wind Cave Forest Cave 1,617,170.39
Wind Cave,Wind Cave Rock Pine 2,524,99.05
Wind Cave,Wind Cave Sun Forest 3,678,25.93
Wind Cave,Wind Cave Cave Lake 4,636,282.4
Wind Cave,Wind Cave Sun Sun 5,738,430.29
Wind Cave,Wind Cave Leaf Cave 6,305,772.88
Wind Cave,Wind Cave Creek Stone 7,165,387.14
Wind Cave,Wind Cave Leaf Cave 8,385,371.85
Wind Cave,Wind Cave Rock Lake 9,645,627.48
Wind Cave,Wind Cave Sun Rock 10,652,527.16
Wind Cave,Wind Cave Rock Sun 11,630,737.98
Wind Cave,Wind Cave Rock Bear 12,33,526.78
Wind Cave,Wind Cave Lake Forest 13,1019,992.02
Wind Cave,Wind Cave Cave Cave 14,770,193.63
Wind Cave,Wind Cave Lake Forest 15,451,968.78
Wind Cave,Wind Cave Cave Lake 16,974,39.69
Wind Cave,Wind Cave Creek Cave 17,1192,992.47
Wind Cave,Wind Cave Leaf Rock 18,655,585.58
Wind Cave,Wind Cave Leaf Pine 19,710,325.43
Wind Cave,Wind Cave Pine Bear 20,463,192.62
WrangellSt. Elias,WrangellSt. Elias Pine Pine 1,828,451.38
WrangellSt. Elias,WrangellSt. Elias Rock Forest 2,991,10.6
WrangellSt. Elias,WrangellSt. Elias Rock Cave 3,912,427.29
WrangellSt. Elias,WrangellSt. Elias Pine Rock 4,675,326.97
WrangellSt. Elias,WrangellSt. Elias Creek Lake 5,167,786.57
WrangellSt. Elias,WrangellSt. Elias Rock Creek 6,304,83.91
WrangellSt. Elias,WrangellSt. Elias Cave Creek 7,43,799.68
WrangellSt. Elias,WrangellSt. Elias Stone Sun 8,221,459.32
WrangellSt. Elias,WrangellSt. Elias Stone Stone 9,983,78.86
WrangellSt. Elias,WrangellSt. Elias Lake Cave 10,676,405.18
WrangellSt. Elias,WrangellSt. Elias Rock Stone 11,908,457.29
WrangellSt. Elias,WrangellSt. Elias Sun Rock 12,815,647.74
WrangellSt. Elias,WrangellSt. Elias Forest Pine 13,1073,178.61
WrangellSt. Elias,WrangellSt. Elias Lake Bear 14,390,576.36
WrangellSt. Elias,WrangellSt. Elias Stone Stone 15,834,268.65
WrangellSt. Elias,WrangellSt. Elias Lake Lake 16,781,920.28
WrangellSt. Elias,WrangellSt. Elias Leaf Cave 17,192,549.59
WrangellSt. Elias,WrangellSt. Elias Rock Rock 18,281,367.78
WrangellSt. Elias,WrangellSt. Elias Stone Forest 19,415,326.99
WrangellSt. Elias,WrangellSt. Elias Creek Creek 20,537,710.8
Yellowstone,Yellowstone Leaf Leaf 1,684,644.22
Yellowstone,Yellowstone Rock Stone 2,628,965.69
Yellowstone,Yellowstone Sun Lake 3,791,785.36
Yellowstone,Yellowstone Bear Pine 4,899,376.61
Yellowstone,Yellowstone Bear Bear 5,775,603.82
Yellowstone,Yellowstone Cave Pine 6,1132,490.03
Yellowstone,Yellowstone Bear Cave 7,716,708.7
Yellowstone,Yellowstone Leaf Creek 8,230,602.61
Yellowstone,Yellowstone Lake Stone 9,769,871.53
Yellowstone,Yellowstone Leaf Leaf 10,1041,205.13
Yellowstone,Yellowstone Sun Sun 11,1139,564.97
Yellowstone,Yellowstone Rock Sun 12,866,421.45
Yellowstone,Yellowstone Bear Sun 13,227,64.36
Yellowstone,Yellowstone Stone Lake 14,1006,19.93
Yellowstone,Yellowstone Rock Cave 15,1070,104.98
Yellowstone,Yellowstone Cave Cave 16,101,925.63
Yellowstone,Yellowstone Leaf Rock 17,1122,572.05
Yellowstone,Yellowstone Stone Sun 18,553,925.33
Yellowstone,Yellowstone Sun Forest 19,672,188.82
Yellowstone,Yellowstone Creek Forest 20,171,969.43
Yosemite,Yosemite Leaf Pine 1,577,426.22
Yosemite,Yosemite Stone Rock 2,691,394.87
Yosemite,Yosemite Bear Bear 3,196,568.0
Yosemite,Yosemite Rock Sun 4,898,196.03
Yosemite,Yosemite Pine Stone 5,1190,81.18
Yosemite,Yosemite Cave Sun 6,1174,930.95
Yosemite,Yosemite Pine Creek 7,1199,313.22
Yosemite,Yosemite Sun Cave 8,320,316.44
Yosemite,Yosemite Rock Forest 9,288,662.79
Yosemite,Yosemite Lake Cave 10,994,456.78
Yosemite,Yosemite Sun Creek 11,339,318.84
Yosemite,Yosemite Creek Forest 12,147,199.36
Yosemite,Yosemite Pine Bear 13,578,950.42
Yosemite,Yosemite Rock Lake 14,80,373.65
Yosemite,Yosemite Forest Creek 15,1130,483.98
Yosemite,Yosemite Bear Cave 16,266,673.92
Yosemite,Yosemite Forest Pine 17,734,382.88
Yosemite,Yosemite Cave Pine 18,683,455.66
Yosemite,Yosemite Creek Forest 19,356,967.21
Yosemite,Yosemite Stone Cave 20,1176,215.1
Zion,Zion Lake Rock 1,342,93.69
Zion,Zion Lake Sun 2,265,929.02
Zion,Zion Cave Sun 3,810,944.21
Zion,Zion Leaf Pine 4,337,558.04
Zion,Zion Cave Rock 5,540,423.85
Zion,Zion Bear Bear 6,663,575.93
Zion,Zion Lake Forest 7,110,365.91
Zion,Zion Forest Forest 8,848,352.43
Zion,Zion Bear Stone 9,575,23.15
Zion,Zion Sun Leaf 10,1179,336.54
Zion,Zion Pine Creek 11,924,240.98
Zion,Zion Leaf Rock 12,280,646.46
Zion,Zion Cave Stone 13,548,224.88
Zion,Zion Lake Bear 14,55,124.51
Zion,Zion Lake Pine 15,1094,343.04
Zion,Zion Rock Stone 16,857,825.76
Zion,Zion Sun Forest 17,306,682.08
Zion,Zion Leaf Rock 18,468,883.18
Zion,Zion Cave Leaf 19,777,290.84
Zion,Zion Rock Leaf 20,741,68.29
